timestamp,likes,comments,hasImages,postUrl,text
"2026-10-06T09:15:25.395+08:00","0","0",yes,"https://www.linkedin.com/feed/update/urn:li:activity:7512715793566945280/","🔥 Micron CEO has warned memory supply could tighten even further in FY27 and FY28. The Big Three’s fab roadmaps may explain why: while expansion is accelerating, much of the next major wave of capacity won’t arrive until 2028 or later.  🏭 Micron’s capacity ramp could hit a gap after 2027. Following new HBM packaging and DRAM capacity, its next major wave isn’t due until 2H28—when new NAND and DRAM capacity in Singapore, Idaho and Japan starts coming online.  💡More: https://buff.ly/eGi97Mv 🔗   #Micron  #Samsung  #SKhynix"
"2026-10-06T09:15:25.395+08:00","0","0",yes,"https://www.linkedin.com/feed/update/urn:li:activity:7511788128869834754/","🌱 Building Solar Is Turning From Subsidy Into Requirement. The building sector sits at the center of global decarbonization, and policy there is shifting from incentives toward mandatory installation. Rooftop remains the most widely adopted solution, while BIPV that integrates modules into façades and windows grows rapidly, with perovskite a promising fit.  Assess the path for building solar 👉 https://buff.ly/FY2OqjT   #TrendForce  #SelectedTopics"
"2026-10-06T09:15:25.395+08:00","0","0",yes,"https://www.linkedin.com/feed/update/urn:li:activity:7511741919077679105/","DRAM tightness is no longer just a DRAM story.  Lead times remain Very Tight at 20 weeks, versus 8 weeks in a balanced market. The shortage is also limiting some NAND suppliers’ ability to support enterprise SSD solutions, keeping eSSD supply tight through 2026.  Meanwhile, HDD lead times remain at 50 weeks versus 16 weeks in a balanced market. New capacity is coming, but meaningful supply relief is unlikely before late 2027.  🎯Read Weekly Radar 004 on Substack, and subscribe for free to receive future issues every Monday: https://pse.is/9pwj7x 🔗"
"2026-10-06T09:15:34.975+08:00","0","0",yes,"https://www.linkedin.com/feed/update/urn:li:activity:7511312006210043904/","⚔️ Ahead of TSMC’s Oct. 15 earnings call, Elon Musk has added a new twist: confirming talks over a potential Terafab tie-up, while earlier Intel cooperation remains in the spotlight. What else should investors watch next week?  🤔 Back to the numbers: JPMorgan reportedly sees TSMC hitting the high end of its Q3 guidance, but Q4 growth could cool to 11% QoQ as tight 3nm capacity and no further price hikes cap the upside.  💡More: https://buff.ly/fqabPPe 🔗   #TSMC  #Terafab  #Intel"
"2026-10-06T09:15:44.479+08:00","0","0",yes,"https://www.linkedin.com/feed/update/urn:li:activity:7511271561543217153/","🛜 IoT Is Taking a Different Path Than Expected. The market expected 5G to become the universal connectivity standard for IoT, and AI to push computing toward the network edge. As of 2026, AI inference is shifting toward data centers and end devices, while connectivity diversifies by application. Value is moving to platforms integrating AI, connectivity and security.  See where IoT chip value is shifting 👉 https://buff.ly/mKH4Hei   #TrendForce  #SelectedTopics"
"2026-10-06T09:15:44.479+08:00","0","0",yes,"https://www.linkedin.com/feed/update/urn:li:activity:7511063219386499072/","The five major US hyperscalers still have over 60 GW of tracked data center capacity to build through 2030. Most of it is already under construction.  We wanted to answer two questions: how much is left, and how real are those plans?  So we launched Ground Truth, a new monthly Substack column, powered by TrendForce's proprietary tracker of major US and China hyperscalers, covering nearly 2,000 facilities worldwide.  Each issue includes: 📊 What's Left to Build: a macro view of each operator's remaining build-out through 2030 📋 Monthly Capacity Tracker: the biggest campus-level changes identified in our tracker each month 🌍 Major Events: notable developments across the global build-out you shouldn't miss. This month:  #AWS,  #Google,  #ByteDance, and  #Tencent  Read the full issue here: https://pse.is/9pn992 🔗   #DataCenter  #AIInfrastructure"
"2026-10-06T09:15:44.479+08:00","0","0",yes,"https://www.linkedin.com/feed/update/urn:li:activity:7510956725408251904/","Micron Posts Record FY2026 Revenue; CEO Expects Supply-Demand Conditions to Tighten Further  Micron Technology released its fiscal fourth-quarter and full-year 2026 results on September 30, with surging AI demand driving full-year revenue to a record $133.19B. Micron CEO Sanjay Mehrotra noted that AI’s evolution toward superintelligence is creating substantial additional memory demand across customer platforms. The company’s fourth-quarter revenue, gross margin, and EPS all exceeded the high end of its guidance, while Micron expects an even stronger performance in fiscal 2027.   #HBMSupplyExpectedtoTightenFurtherOvertheNextTwoYears  Commenting on the memory market outlook, Mehrotra said increasingly sophisticated AI applications are driving demand for higher-performance, higher-capacity memory across both data centers and edge devices. He expects supply-demand conditions for memory and storage to be even tighter in 2027 and 2028 than in 2026.  Micron faced tight supply for both DRAM and NAND in the fourth quarter, contributing to sharp price increases across both product categories. HBM revenue grew even faster than the company overall, while Micron’s 2027 HBM capacity is already nearly fully booked by customers at prices significantly higher than a year earlier.   #MicronExpandsCapextoIncreaseCapacity  Looking ahead to fiscal 1Q27, CFO Mark Murphy expects quarterly revenue of $61.5B, plus or minus $1.5B, and anticipates sequential revenue growth in every quarter of fiscal 2027. To address the structural gap between DRAM supply and demand growth, Micron plans to increase capital expenditures in fiscal 2027, with additional investment in fab construction aimed at securing more cleanroom space by the end of 2028.  Murphy emphasized that strong long-term demand visibility will support continued investment in technology and products. Backed by strong operational execution, Micron expects fiscal 2027 to set another revenue record.  📊More semiconductor insights: https://buff.ly/YckK6fp 📊More industry charts: https://buff.ly/4hbxzLr"
"2026-10-06T09:15:44.479+08:00","0","0",yes,"https://www.linkedin.com/feed/update/urn:li:activity:7510949159072579584/","📊 One chart, all the highlights from Micron’s record FY26—from surging Q4 revenue and AI-driven data center growth to stronger long-term revenue visibility.   🔥 Micron closed FY26 on a high, with Q4 revenue surging 379% YoY to $54.2B. It also secured 26 long-term customer agreements covering 35%+ of revenue through 2030, backed by $32B in customer commitments.  💡More: https://buff.ly/2Zf5RoW 🔗   #Micron  #DRAM  #NAND  #HBM"
"2026-10-06T09:15:54.183+08:00","0","0",yes,"https://www.linkedin.com/feed/update/urn:li:activity:7510580684189732864/","⚛️ 3D IC Has Moved From Future Trends to Production Reality. In August, TSMC, ASE and AMAT used the OCP APAC Summit to set out where 3D IC is headed. A month later at SEMICON, the 3DICAMA led by TSMC and ASE put its Global Summit on mass production readiness, system integration and ecosystem collaboration. That shift in agenda is the signal.  Decode the hybrid bonding process and TSMC's SoIC ramp 👉 https://buff.ly/csmiRXC  Explore Hybrid Bonding 📖 https://buff.ly/kDLaEdw   #TrendForce  #SelectedTopics"
"2026-10-06T09:15:54.183+08:00","0","0",yes,"https://www.linkedin.com/feed/update/urn:li:activity:7512859369366085632/","【NAND Sellers Offer Greater Price Flexibility, but Buying Remains Weak; 512Gb TLC Wafer Prices Fall 2.45%】  Consumer end-demand has yet to show signs of improvement, with spot prices remaining in a narrow consolidation range and limited price fluctuations. Although sellers have loosened their quotes and increased price flexibility to stimulate shipments, buyers remain conservative on the market outlook and have largely adopted a wait-and-see stance with low willingness to purchase. As a result, actual purchasing momentum remains weak, and overall trading activity continues to be subdued. Spot prices of 512Gb TLC wafers dropped by 2.45% this week (September 28), arriving at US$19.396 in average quotations.   📷 Related news: https://buff.ly/3xtxMXH 🔗 📷 For more on  #NAND Price: https://buff.ly/3VLrT2w 🔗"
"2026-10-06T09:15:54.183+08:00","0","0",yes,"https://www.linkedin.com/feed/update/urn:li:activity:7513036661337804800/","【DRAM Spot Market Activity Slows Amid Holidays in Some Markets; Buyers Stay Cautious as Prices Remain Range-Bound】  Impacted by holidays in several regional markets, the DRAM spot market has been relatively quiet this week. Spot prices on the whole have been fluctuating within a narrow range, and buyers’ sentiment have remained conservative. Overall trading has been sluggish. The average spot price of mainstream chips (i.e., DDR4 1Gx8 3200MT/s) has increased by 0.93% from US45.89lastweek(September23)toUS46.32 this week (September 29).   📷 Related news: https://buff.ly/3U1g2fb 🔗 📷 For more on  #DRAM Price: https://buff.ly/3VK49vr 🔗"
"2026-10-06T09:15:54.183+08:00","0","0",yes,"https://www.linkedin.com/feed/update/urn:li:activity:7512875166494904320/","👀 Is TSMC expanding beyond Arizona? The chipmaker is reportedly considering a second U.S. manufacturing hub in Texas with up to six advanced fabs, potentially topping its US$265B Arizona investment.   🔥 Mature-node expansion is also picking up. TSMC affiliate Vanguard is already weighing Phase 2 of its VIS-NXP Singapore fab, with Phase 1 fully booked before mass production even begins.  💡More: https://buff.ly/okUjafU 🔗   #TSMC"
"2026-10-06T09:16:13.396+08:00","0","0",yes,"https://www.linkedin.com/feed/update/urn:li:activity:7512844155778281472/","📈 Chip prices could be heading higher again as foundry and backend costs rise. Power management IC, driver IC, and MCU suppliers are reportedly considering 5% to double-digit hikes from late 2026 to early 2027.  🚀 TSMC is reportedly planning price hikes from January 2027, with mature-node prices expected to rise around 3%–10%.  💡More: https://buff.ly/r7lnQ11 🔗   #Semiconductors  #Foundry  #MCU  #TSMC"
"2026-10-06T09:16:13.396+08:00","0","0",yes,"https://www.linkedin.com/feed/update/urn:li:activity:7512814006194245633/","[News] IC Designers Reportedly Eye 5% to Double-Digit Price Hikes in Late 2026–Early 2027 as Foundry Costs Rise"
"2026-10-06T09:16:13.396+08:00","0","0",yes,"https://www.linkedin.com/feed/update/urn:li:activity:7510518851684524032/","🤔 A U.S. think tank estimates China has amassed a sizable DUV stockpile. If other bottlenecks are overcome and imports continue at ~90 a year, the fleet could theoretically support up to 434M H100-equivalent AI chips annually by 2035.  🚀 The country is also accelerating its homegrown DUV push. Huawei is reportedly helping coordinate the effort, while Yuliangsheng could produce 12 advanced DUV systems by end-2026.  💡More: https://buff.ly/97ztXOK 🔗   #Huawei  #DUV  #ASML"
"2026-10-06T09:16:13.396+08:00","0","0",yes,"https://www.linkedin.com/feed/update/urn:li:activity:7512806399773483010/","[News] China Reportedly Spent $13B+ Stockpiling ASML DUV Tools in 2024–25 as Advanced Chip Push Continues"
"2026-10-06T09:16:13.396+08:00","0","0",yes,"https://www.linkedin.com/feed/update/urn:li:activity:7512783901111504896/","Meta’s Muse has put server CPUs back in focus.  As agentic AI raises questions about how much compute demand will land on CPUs,  #CPU joins this week’s Weekly Radar with lead times at 25–30 weeks, versus 16–20 weeks in a balanced market. Major CSPs are also accelerating their in-house CPU designs.  Meanwhile,  #DRAM remains Very Tight at 20 weeks versus 8 weeks in a balanced market, as discussions around 4Q26–1Q27 supply tightness and price increases gather pace.  👉Read Weekly Radar 003 on TrendForce Substack, and subscribe for free to receive future issues every Monday: https://pse.is/9p3d68 🔗"
"2026-10-06T09:16:13.396+08:00","0","0",yes,"https://www.linkedin.com/feed/update/urn:li:activity:7512542583076667392/","👀 Qualcomm will become the net payer to Huawei for the first time in a new 5G and AI patent deal. It also covers LogicFolding, Huawei’s chip technology for boosting performance despite limited EUV access  🔥 The deal is set to push Huawei’s accumulated IP licensing revenue above $6.9B, though it will still face U.S. regulatory review.  💡More: https://buff.ly/cHOhe2P 🔗   #Qualcomm  #Huawei"
"2026-10-06T09:16:13.396+08:00","0","0",yes,"https://www.linkedin.com/feed/update/urn:li:activity:7512180382457479168/","[News] Qualcomm to Pay Huawei for First Time Under Cross-Licensing Deal Covering 5G, AI and LogicFolding Patents"
"2026-10-06T09:16:13.396+08:00","0","0",yes,"https://www.linkedin.com/feed/update/urn:li:activity:7509250969201950721/","Micron's AI-fueled revenue forecast blows past estimates, backlog swells. 📰 News Source: https://buff.ly/oSW85rI"
"2026-10-06T09:16:23.042+08:00","0","0",yes,"https://www.linkedin.com/feed/update/urn:li:activity:7508857890292563969/","👀 China’s CS Microelectronics has developed a high-power 2D addressable VCSEL chip, marking a new step in its optical push. Its EML products are also moving into 400G/800G optical transceiver applications.  🔥 CS Microelectronics is also backed by fully automated 6-inch GaAs/InP production lines, supporting its expansion into automotive LiDAR, industrial sensing, and high-end manufacturing.  💡More: https://buff.ly/XdWrBsz 🔗   #OpticalChips"
"2026-10-06T09:16:23.042+08:00","0","0",yes,"https://www.linkedin.com/feed/update/urn:li:activity:7512671741282799616/","[News] China-Based CS Microelectronics Develops 90W Addressable VCSEL Chip"
"2026-10-06T09:16:23.042+08:00","0","0",yes,"https://www.linkedin.com/feed/update/urn:li:activity:7508733297124941824/","VIS May Bring Forward Phase 2 of Singapore Expansion. 📰 News Source: https://buff.ly/okUjafU"
"2026-10-06T09:16:32.505+08:00","0","0",yes,"https://www.linkedin.com/feed/update/urn:li:activity:7508526327508107264/","⚡ U.S. AI Server Growth Now Runs Into a Power Ceiling. AI servers keep taking a larger share of accelerating data center power use, and that demand has already moved ahead of what the grid can deliver. The gap is expected to widen further by 2028, with deferral risk before 2030 concentrated in PJM, ERCOT and MISO.  Track where grid delivery will cap AI server growth 👉 https://buff.ly/jMmkyCo  Explore CSP Data Center Expansion 📖 https://buff.ly/bYeD50A   #TrendForce  #SelectedTopics"
"2026-10-06T09:16:32.505+08:00","0","0",yes,"https://www.linkedin.com/feed/update/urn:li:activity:7508450200630333440/","Enterprise SSD demand is accelerating into 4Q26. The growth is not confined to high-performance TLC: QLC has become a significant catalyst, with adoption widening across vector databases and KV cache offload for agentic AI.  TrendForce also observes that some operators have begun buying QLC SSD in volume for their SSD PODs, having previously relied on TLC+HDD alone for that tier. Why is agentic AI changing what goes into the SSD POD?  Full analysis on Substack: https://pse.is/9nakj9 🔗"
"2026-10-06T09:16:32.505+08:00","0","0",yes,"https://www.linkedin.com/feed/update/urn:li:activity:7508442641664245760/","🔥 AI and HBM are fueling demand for advanced memory testing equipment, a market dominated by global giants like Advantest and Teradyne. But Chinese suppliers are gaining ground. How far have they come?  📈 China’s TBSTest is now the third supplier globally offering equipment for both DRAM chip probing and final testing. It is expected to capture nearly 15% of China’s memory automated test equipment (ATE) market in 2026.  💡More: https://buff.ly/HietMO3 🔗   #HBM  #DRAM"
"2026-10-06T09:16:32.505+08:00","0","0",yes,"https://www.linkedin.com/feed/update/urn:li:activity:7508435135705378816/","[News] AI, HBM Drive Memory Testing Demand: How China’s Suppliers Are Challenging an 80%-Import Market"
"2026-10-06T09:16:32.505+08:00","0","0",yes,"https://www.linkedin.com/feed/update/urn:li:activity:7508412457707827200/","💥Micron has reportedly listed its 2GB GDDR7 chips as EOL. While used in NVIDIA’s RTX 50 series, near-term impact could be limited as Samsung and SK hynix remain key suppliers—though NVIDIA is losing another source amid tight memory supply.  🤔 Switching to 3GB isn’t cheap either: the chips reportedly cost $60–$70 each—around 3X the price of 2GB GDDR7 for just 50% more capacity, already posing a hurdle for the RTX 50 Super refresh.   💡More: https://buff.ly/DKcHWGa 🔗   #Micron  #GDDR7"
"2026-10-06T09:16:42.139+08:00","0","0",yes,"https://www.linkedin.com/feed/update/urn:li:activity:7508325606690848768/","📡 Base Station Batteries Are Now Revenue-Generating Grid Assets. AI and data centers are driving per-site energy consumption at base stations sharply higher. Operators are adopting SMRs, green hydrogen, and liquid cooling to manage the surge. Through VPPs and intelligent sleep management, backup batteries are shifting from cost centers into active grid resources that generate revenue.  Explore the green telecom shift 👉 https://buff.ly/6PXD3Ls   #TrendForce  #SelectedTopics"
"2026-10-06T09:16:51.972+08:00","0","0",yes,"https://www.linkedin.com/feed/update/urn:li:activity:7508133186250465281/","【Chinese Supplier Capacity Releases Keep NAND Spot Supply Ample; 512Gb TLC Wafer Prices Fall 1%】  Restricted by persistently weak consumer end-demand and capacity releases from Chinese suppliers, overall NAND supply in the spot market remains relatively sufficient, with prices mostly consolidating within a narrow range. Although some module houses and sellers have loosened their quotes and increased price flexibility to sustain shipment momentum, buyers remain conservative on the consumer market outlook. Aware that the current upward price momentum stems entirely from strong enterprise SSD demand, buyers have largely adopted a wait-and-see approach and are reluctant to follow up on prices aggressively. As a result, actual purchasing momentum remains insufficient, and overall transaction volumes stay light. Spot prices of 512Gb TLC wafers dropped by 1.00% this week (September 21), arriving at US$19.883.   📷 Related news: https://buff.ly/3xtxMXH 🔗 📷 For more on  #NAND Price: https://buff.ly/3VLrT2w 🔗"
"2026-10-06T09:16:51.972+08:00","0","0",yes,"https://www.linkedin.com/feed/update/urn:li:activity:7508004754086879233/","【DRAM Spot Buying Stays Cautious; DDR4 2Gx8 Prices Decline】  In the DRAM spot market, procurement momentum has remained cautious and watchful this week, with price trends diverging across segments. Spot prices of DDR4 2Gx8 branded chips have corrected downward noticeably, yet no clear buying interest has emerged in the market. Price trends of DDR5 products have varied by specification. Prices of eTT chips have been relatively strong as transaction prices continue to climb. However, buyers’ willingness to chase higher prices has been dampened by sharp quote hikes and suppliers holding back inventory, limiting the pace of actual market follow-through. The average spot price of mainstream chips (i.e., DDR4 1Gx8 3200MT/s) has increased by 0.55% from US$45.79 last week (September 16) to US$46.04 this week (September 22).  📷 Related news: https://buff.ly/3U1g2fb 🔗 📷 For more on  #DRAM Price: https://buff.ly/3VK49vr 🔗"
"2026-10-06T09:16:51.972+08:00","0","0",yes,"https://www.linkedin.com/feed/update/urn:li:activity:7507959481364897792/","🚀 China’s A-share semiconductor profits jumped more than 6× YoY in 1H26. DRAM maker CXMT led in both revenue and profit, while AI demand is also lifting players like Cambricon and SMIC.  💥 Memory stole the spotlight in 1H26: 6 of the top 10 chip companies by revenue and 5 of the top 10 by profit came from the memory supply chain.  💡More: https://buff.ly/7EmRF1M 🔗   #CXMT  #SMIC  #Cambricon"
"2026-10-06T09:17:01.644+08:00","0","0",yes,"https://www.linkedin.com/feed/update/urn:li:activity:7511756994588897281/","📢 The LPDDR6 race is heating up. After CXMT announced mass production earlier this month, Samsung has now scored an industry first—validating LPDDR6 on Qualcomm’s Snapdragon 8 Elite Extreme Gen 6 at speeds of up to 10.7 Gbps.  🤔 But will Samsung’s own Galaxy S27 make the leap? The company is reportedly testing Micron’s latest LPDDR5X for the flagship, suggesting at least some models could stick with the older memory standard.  💡More: https://buff.ly/2sqtzOY 🔗   #LPDDR6  #Samsung  #Qualcomm"
"2026-10-06T09:17:01.644+08:00","0","0",yes,"","👀 Intel’s EMIB is gaining momentum—and substrate yields are catching up. Yields reportedly jumped from 30% to 45% in just one quarter, with suppliers targeting 50% by year-end.  🚨 Customer adoption is also taking shape. According to TrendForce, Google is expected to adopt EMIB-T in 2027, while AWS is already testing the technology. Still, CoWoS-L is expected to remain the mainstream AI packaging choice through 2028.  💡More: https://buff.ly/5q8QnLg 🔗   #Intel  #EMIB"
"2026-10-06T09:17:11.260+08:00","0","0",yes,"https://www.linkedin.com/feed/update/urn:li:activity:7511711738250125312/","AI servers now set the data center power budget. Their share of global data center power demand capacity climbs from 33.4% in 2026 to potentially over 53% by 2030.  The power supply side is another story. In the US, grid-deliverable capacity is not moving at the same pace. By 2030, the gap between what the supply chain implies and what the  grid can deliver is projected to exceed 170GW.  👉 Read the full analysis on  #TrendForce Substack: https://pse.is/9mzdld🔗   #AI  #DataCenters  #PowerGrid  #AIInfrastructure"
"2026-10-06T09:17:11.260+08:00","0","0",yes,"https://www.linkedin.com/feed/update/urn:li:activity:7511605972596068352/","🔥 TSMC’s 14A roadmap is closing in on Intel. IC design sources reportedly say pilot production could kick off as early as 1Q27, while Intel’s official roadmap points to 2H27 for internal 14A products before a high-volume ramp in 2028.  👀 The rollout is already taking shape: TSMC’s A14 CyberShuttle reportedly kicked off in 2Q26, with Fab 20 in Hsinchu set to begin pilot runs ahead of Fab 25 in Taichung.  💡More: https://buff.ly/a0o4IVJ 🔗   #TSMC  #Intel  #14A"
"2026-10-06T09:17:20.827+08:00","0","0",yes,"https://www.linkedin.com/feed/update/urn:li:activity:7507801419303870464/","📢 Micron reports earnings Sept. 30 after gross margin surged to a record 84.9% in 3QFY26. With soaring conventional memory prices fueling much of its first-half boom, can the rally last—or will long-term supply deals cap further pricing upside?  🚀 Goldman Sachs reportedly sees gross margin climbing to 87.3% in 4QFY26, while TD Cowen expects the rally to continue before peaking at around 89% in 2QFY27.  💡More: https://buff.ly/Ch8v9PT 🔗   #Micron"
"2026-10-06T09:17:30.378+08:00","0","0",yes,"https://www.linkedin.com/feed/update/urn:li:activity:7507770734551662592/","💥 Memory constraints are reshaping Tesla’s AI chips: The company is cutting AI5’s LPDDR5 capacity in half to 72GB and reducing AI6’s LPDDR6 by one-third. Musk says the cuts are needed to secure enough volume for Optimus production.  🚀 Tesla’s AI5 has entered the 2nm prototype stage at Samsung’s Texas fab, while Musk says AI6 will use Samsung 2nm in Texas and AI6.5 TSMC 2nm in Arizona.  💡More: https://buff.ly/9XMRTbH 🔗   #Tesla"
"2026-10-06T09:17:30.378+08:00","0","0",yes,"https://www.linkedin.com/feed/update/urn:li:activity:7511409779647438848/","[News] Tesla Halves AI5 AI Chip’s LPDDR5 to 72GB, Cuts AI6 LPDDR6 by One-Third as Memory Supply Tightens"
"2026-10-06T09:17:30.378+08:00","0","0",yes,"https://www.linkedin.com/feed/update/urn:li:activity:7511364395940380672/","🔥 AI is giving HDD demand a major boost. Toshiba plans to invest ~$380M and double AI data center HDD capacity by FY2027, marking its first major HDD investment in about five years.  👀 HDD supply is already tight well into the future: Seagate, one of the world’s three major HDD makers, says most of its nearline capacity is allocated through 2028.   💡More: https://buff.ly/TxsEmY6 🔗   #Toshiba  #HDD  #WD  #Seagate"
"2026-10-06T09:17:30.378+08:00","0","0",yes,"https://www.linkedin.com/feed/update/urn:li:activity:7507642365495468032/","[News] Toshiba to Double AI Data Center HDD Capacity by FY2027 With $380M Expansion as AI Storage Demand Surges"
"2026-10-06T09:17:30.378+08:00","0","0",yes,"https://www.linkedin.com/feed/update/urn:li:activity:7511198415096139776/","🚀 From displays to AI interconnects: China’s largest AMOLED DDIC designer Viewtrix is setting up two subsidiaries focused on optical I/O and UCIe IP, targeting both rack-scale (Scale Up) and chip-to-chip (Scale In) connectivity.  📈 Viewtrix is also expanding its capital-market footprint. After raising about HK$1.1B in its May HKEX listing, the company kicked off A-share IPO tutoring in September, paving the way for an “H+A” dual-listing structure.  💡More: https://buff.ly/tF2JdLv 🔗   #AI"
"2026-10-06T09:17:30.378+08:00","0","0",yes,"https://www.linkedin.com/feed/update/urn:li:activity:7511047403014311936/","[News] AMOLED Display Driver Leader Viewtrix Expands into Optical Communications"
"2026-10-06T09:17:30.378+08:00","0","0",yes,"https://www.linkedin.com/feed/update/urn:li:activity:7511032294975926273/","🦾 Humanoid Robot Hands: The Costliest Battle in Physical AI. Dexterous hands are the most expensive module in humanoid robots. Three technical routes are emerging: screw-linkage, tendon-biomimetic, and high-perception sensing. Tesla pursues in-house precision manufacturing, though mass-production readiness remains unproven. 1X targets homes with tactile tendon designs.  Who wins the dexterous hand race 👉 https://buff.ly/kamvxsx   #TrendForce  #SelectedTopics"
"2026-10-06T09:17:30.378+08:00","0","0",yes,"","AI storage is seeing severe supply pinches.  Driven by surging demand, suppliers are reallocating NAND capacity toward enterprise SSDs, pushing  #eSSD lead times to 16 weeks, double the 8-week balanced mark.  Meanwhile,  #HDD supply faces an even tighter squeeze, stretching lead times to 50 weeks versus 16 weeks in a balanced market.  In TrendForce’s AI Infra & Semiconductor Weekly Radar on Substack, we break down the supply dynamics shaping the market.  🔹Current vs. balanced lead times for GPU, DRAM, NAND, HDD, ABF, and MLCC 🔹The supply-chain developments that mattered last week 🔹Key events and what to watch next   Read Weekly Radar 002, and subscribe for free to receive future issues every Monday: https://pse.is/9mvbrf 🔗"
"2026-10-06T09:17:39.947+08:00","0","0",yes,"","👀 Huawei is expanding its LogicFolding chips to high-end Mate 90 models, aiming to boost performance despite China’s lack of access to EUV lithography equipment. But the design may require more wafers, adding pressure to tight chip capacity.  🔥Huawei hasn’t disclosed who makes the Kirin 9050 Pro, but SMIC is widely believed to produce both its Kirin and Ascend AI chips.  💡More: https://buff.ly/b0n7B5u 🔗   #Huawei"
"2026-10-06T09:17:39.947+08:00","0","0",yes,"","[News] Huawei Expands LogicFolding Chips to Mate 90 Flagships, but Design Requires More Wafers"
"2026-10-06T09:17:39.947+08:00","0","0",yes,"","💥 Tencent is reportedly turning overseas for AI compute, signing a ~$7B, five-year Oracle deal for access to around 100,000 advanced AI chips across Southeast Asia—sidestepping limits on direct purchases of advanced chips.  🤔 ByteDance is taking a similar route, with its Singapore-based subsidiary reportedly gaining access to 2,304 NVIDIA B200 GPUs through a Norway data center.  💡More: https://buff.ly/gjPJMBN 🔗   #Tencent  #NVIDIA  #Oracle"
"2026-10-06T09:17:39.947+08:00","0","0",yes,"","[News] Tencent Reportedly Signs $7B Deal to Lease 100,000 AI Chips From Oracle in Southeast Asia"
"2026-10-06T09:17:39.947+08:00","0","0",yes,"","🚀 CXMT isn’t slowing down. Fresh off its LPDDR6 production ramp, the Chinese memory maker has rolled out its fifth-gen G5 DRAM platform—boosting dies per wafer by 50%+ alongside two new 24Gb LPDDR5X products.  💥 At the heart of CXMT’s G5 is self-aligned quadruple patterning (SAQP), pushing DRAM AA half-pitch to 11.95nm. The same technology made headlines in 2024, when Huawei and SMIC reportedly explored it for 5nm-class chips.  💡More: https://buff.ly/jGPIVLv 🔗   #CXMT"
